<?xml version="1.0" encoding="utf-8" standalone="yes"?><rss version="2.0" xmlns:atom="http://www.w3.org/2005/Atom"><channel><title>Constitutional Rights on Late News</title><link>/categories/constitutional-rights/</link><description>Recent content in Constitutional Rights on Late News</description><generator>Hugo</generator><language>en-US</language><lastBuildDate>Thu, 11 Jan 2024 16:00:00 -0500</lastBuildDate><atom:link href="/categories/constitutional-rights/index.xml" rel="self" type="application/rss+xml"/><item><title>EXPOSED: Global Elites Push Digital Currency to Control American Freedom</title><link>/articles/globalist-agenda-exposed/</link><pubDate>Thu, 11 Jan 2024 16:00:00 -0500</pubDate><guid>/articles/globalist-agenda-exposed/</guid><description>&lt;p>In a shocking development that the mainstream media won&amp;rsquo;t tell you about, global banking elites are accelerating their plan to eliminate physical currency and force Americans into a dystopian digital money system. My sources inside the Treasury Department have confirmed what patriots have long suspected - this isn&amp;rsquo;t about convenience, it&amp;rsquo;s about CONTROL.&lt;/p>
&lt;h2 id="the-globalist-playbook-revealed">The Globalist Playbook Revealed&lt;/h2>
&lt;p>The implementation of Central Bank Digital Currency (CBDC) represents the biggest threat to American financial freedom since the Federal Reserve&amp;rsquo;s creation. Here&amp;rsquo;s what they don&amp;rsquo;t want you to know:&lt;/p></description></item></channel></rss>