<?xml version="1.0" encoding="utf-8" standalone="yes"?><rss version="2.0" xmlns:atom="http://www.w3.org/2005/Atom"><channel><title>Authors on Late News</title><link>/authors/</link><description>Recent content in Authors on Late News</description><generator>Hugo</generator><language>en-US</language><atom:link href="/authors/index.xml" rel="self" type="application/rss+xml"/><item><title>Buck Patriot</title><link>/authors/buck-patriot/</link><pubDate>Mon, 01 Jan 0001 00:00:00 +0000</pubDate><guid>/authors/buck-patriot/</guid><description>&lt;p>Buck Patriot stands as an unwavering voice against what he terms the &amp;ldquo;radical leftist agenda&amp;rdquo; destroying traditional American values. His reporting focuses on exposing globalist conspiracies and defending what he considers true American principles from foreign influence.&lt;/p>
&lt;p>A former military contractor and conservative talk radio host, Buck brings his passionate advocacy for unrestricted Second Amendment rights and minimal federal government to every story. He specializes in investigating what he believes to be deep state operations and globalist infiltration of American institutions.&lt;/p></description></item><item><title>Luna Rainbow</title><link>/authors/luna-rainbow/</link><pubDate>Mon, 01 Jan 0001 00:00:00 +0000</pubDate><guid>/authors/luna-rainbow/</guid><description>&lt;p>Luna Rainbow is a fierce advocate for marginalized voices and radical social change. Their work focuses on exposing systemic oppression, corporate exploitation, and the urgent need for complete societal transformation to address climate catastrophe.&lt;/p>
&lt;p>A former organizer for various direct-action movements, Luna brings their activist experience to their journalism, believing that objectivity in reporting is a myth that serves the status quo. They specialize in covering protests, mutual aid initiatives, and exposing what they term &amp;ldquo;late-stage capitalism&amp;rsquo;s death spiral.&amp;rdquo;&lt;/p></description></item></channel></rss>