<?xml version="1.0" encoding="utf-8" standalone="yes"?><rss version="2.0" xmlns:atom="http://www.w3.org/2005/Atom"><channel><title>Categories on Late News</title><link>/categories/</link><description>Recent content in Categories on Late News</description><generator>Hugo</generator><language>en-US</language><lastBuildDate>Sun, 02 Mar 2025 23:56:28 +0000</lastBuildDate><atom:link href="/categories/index.xml" rel="self" type="application/rss+xml"/><item><title>Announcements</title><link>/categories/announcements/</link><pubDate>Sun, 02 Mar 2025 23:56:28 +0000</pubDate><guid>/categories/announcements/</guid><description/></item><item><title>Climate Justice</title><link>/categories/climate-justice/</link><pubDate>Thu, 11 Jan 2024 16:00:00 -0500</pubDate><guid>/categories/climate-justice/</guid><description/></item><item><title>Constitutional Rights</title><link>/categories/constitutional-rights/</link><pubDate>Thu, 11 Jan 2024 16:00:00 -0500</pubDate><guid>/categories/constitutional-rights/</guid><description/></item><item><title>Deep State</title><link>/categories/deep-state/</link><pubDate>Thu, 11 Jan 2024 16:00:00 -0500</pubDate><guid>/categories/deep-state/</guid><description/></item><item><title>Direct Action</title><link>/categories/direct-action/</link><pubDate>Thu, 11 Jan 2024 16:00:00 -0500</pubDate><guid>/categories/direct-action/</guid><description/></item><item><title>Freedom Alert</title><link>/categories/freedom-alert/</link><pubDate>Thu, 11 Jan 2024 16:00:00 -0500</pubDate><guid>/categories/freedom-alert/</guid><description/></item><item><title>Indigenous Rights</title><link>/categories/indigenous-rights/</link><pubDate>Thu, 11 Jan 2024 16:00:00 -0500</pubDate><guid>/categories/indigenous-rights/</guid><description/></item></channel></rss>