<?xml version="1.0" encoding="utf-8" standalone="yes"?><rss version="2.0" xmlns:atom="http://www.w3.org/2005/Atom"><channel><title>Home on Late News</title><link>/</link><description>Recent content in Home on Late News</description><generator>Hugo</generator><language>en-US</language><lastBuildDate>Sun, 02 Mar 2025 23:56:28 +0000</lastBuildDate><atom:link href="/index.xml" rel="self" type="application/rss+xml"/><item><title>Welcome to Late News</title><link>/articles/welcome/</link><pubDate>Sun, 02 Mar 2025 23:56:28 +0000</pubDate><guid>/articles/welcome/</guid><description>&lt;p>Welcome to Late News, your trusted source for the latest updates and breaking news.&lt;/p>
&lt;h2 id="our-mission">Our Mission&lt;/h2>
&lt;ul>
&lt;li>Deliver accurate and timely news&lt;/li>
&lt;li>Provide in-depth analysis&lt;/li>
&lt;li>Maintain journalistic integrity&lt;/li>
&lt;/ul>
&lt;p>Stay tuned for the latest updates and breaking news from around the world.&lt;/p></description></item><item><title>Direct Action Halts Fossil Fuel Pipeline as Indigenous Leaders Demand Climate Justice</title><link>/articles/climate-justice-now/</link><pubDate>Thu, 11 Jan 2024 16:00:00 -0500</pubDate><guid>/articles/climate-justice-now/</guid><description>&lt;p>In a powerful display of intersectional resistance, over 200 water protectors and climate justice activists successfully blocked construction of the Colonial Pipeline Corporation&amp;rsquo;s latest ecological assault on unceded indigenous territories. This direct action represents a crucial convergence of decolonial struggle and climate justice organizing.&lt;/p>
&lt;h2 id="capitalisms-climate-catastrophe">Capitalism&amp;rsquo;s Climate Catastrophe&lt;/h2>
&lt;p>The fossil fuel industry&amp;rsquo;s continued expansion in the face of climate collapse reveals the fundamental contradiction of extractive capitalism:&lt;/p>
&lt;ul>
&lt;li>Indigenous communities bear the immediate impact&lt;/li>
&lt;li>Corporate profits prioritized over planetary survival&lt;/li>
&lt;li>Systemic environmental racism in infrastructure planning&lt;/li>
&lt;li>Police militarization protecting corporate interests&lt;/li>
&lt;/ul>
&lt;h2 id="voices-from-the-frontlines">Voices from the Frontlines&lt;/h2>
&lt;p>&amp;ldquo;We&amp;rsquo;re not just fighting a pipeline – we&amp;rsquo;re fighting for survival,&amp;rdquo; explains Sarah Redfeather (they/them), an indigenous youth organizer. &amp;ldquo;These corporations are perpetuating colonial violence through environmental destruction.&amp;rdquo;&lt;/p></description></item><item><title>EXPOSED: Global Elites Push Digital Currency to Control American Freedom</title><link>/articles/globalist-agenda-exposed/</link><pubDate>Thu, 11 Jan 2024 16:00:00 -0500</pubDate><guid>/articles/globalist-agenda-exposed/</guid><description>&lt;p>In a shocking development that the mainstream media won&amp;rsquo;t tell you about, global banking elites are accelerating their plan to eliminate physical currency and force Americans into a dystopian digital money system. My sources inside the Treasury Department have confirmed what patriots have long suspected - this isn&amp;rsquo;t about convenience, it&amp;rsquo;s about CONTROL.&lt;/p>
&lt;h2 id="the-globalist-playbook-revealed">The Globalist Playbook Revealed&lt;/h2>
&lt;p>The implementation of Central Bank Digital Currency (CBDC) represents the biggest threat to American financial freedom since the Federal Reserve&amp;rsquo;s creation. Here&amp;rsquo;s what they don&amp;rsquo;t want you to know:&lt;/p></description></item><item><title>Search</title><link>/search/</link><pubDate>Mon, 01 Jan 0001 00:00:00 +0000</pubDate><guid>/search/</guid><description/></item></channel></rss>