{
    "comments": [
        {
            "name": "Buck Patriot",
            "content": "This is a deep state hoax. It was cold outside yesterday, so there is now way the earth is getting warmer",
            "date": "2024-01-11T17:30:00Z",
            "isStatic": true
        },
        {
            "name": "EcoWarrior",
            "content": "The connection between climate change and social justice is so important. Thank you for highlighting this.",
            "date": "2024-01-12T10:15:00Z",
            "isStatic": true
        }
    ]
} 