<?xml version="1.0" encoding="utf-8" standalone="yes"?><rss version="2.0" xmlns:atom="http://www.w3.org/2005/Atom"><channel><title>Announcements on Late News</title><link>/categories/announcements/</link><description>Recent content in Announcements on Late News</description><generator>Hugo</generator><language>en-US</language><lastBuildDate>Sun, 02 Mar 2025 23:56:28 +0000</lastBuildDate><atom:link href="/categories/announcements/index.xml" rel="self" type="application/rss+xml"/><item><title>Welcome to Late News</title><link>/articles/welcome/</link><pubDate>Sun, 02 Mar 2025 23:56:28 +0000</pubDate><guid>/articles/welcome/</guid><description>&lt;p>Welcome to Late News, your trusted source for the latest updates and breaking news.&lt;/p>
&lt;h2 id="our-mission">Our Mission&lt;/h2>
&lt;ul>
&lt;li>Deliver accurate and timely news&lt;/li>
&lt;li>Provide in-depth analysis&lt;/li>
&lt;li>Maintain journalistic integrity&lt;/li>
&lt;/ul>
&lt;p>Stay tuned for the latest updates and breaking news from around the world.&lt;/p></description></item></channel></rss>