<?xml version="1.0" encoding="utf-8" standalone="yes"?><rss version="2.0" xmlns:atom="http://www.w3.org/2005/Atom"><channel><title>Decolonial Struggle on Late News</title><link>/tags/decolonial-struggle/</link><description>Recent content in Decolonial Struggle on Late News</description><generator>Hugo</generator><language>en-US</language><lastBuildDate>Thu, 11 Jan 2024 16:00:00 -0500</lastBuildDate><atom:link href="/tags/decolonial-struggle/index.xml" rel="self" type="application/rss+xml"/><item><title>Direct Action Halts Fossil Fuel Pipeline as Indigenous Leaders Demand Climate Justice</title><link>/articles/climate-justice-now/</link><pubDate>Thu, 11 Jan 2024 16:00:00 -0500</pubDate><guid>/articles/climate-justice-now/</guid><description>&lt;p>In a powerful display of intersectional resistance, over 200 water protectors and climate justice activists successfully blocked construction of the Colonial Pipeline Corporation&amp;rsquo;s latest ecological assault on unceded indigenous territories. This direct action represents a crucial convergence of decolonial struggle and climate justice organizing.&lt;/p>
&lt;h2 id="capitalisms-climate-catastrophe">Capitalism&amp;rsquo;s Climate Catastrophe&lt;/h2>
&lt;p>The fossil fuel industry&amp;rsquo;s continued expansion in the face of climate collapse reveals the fundamental contradiction of extractive capitalism:&lt;/p>
&lt;ul>
&lt;li>Indigenous communities bear the immediate impact&lt;/li>
&lt;li>Corporate profits prioritized over planetary survival&lt;/li>
&lt;li>Systemic environmental racism in infrastructure planning&lt;/li>
&lt;li>Police militarization protecting corporate interests&lt;/li>
&lt;/ul>
&lt;h2 id="voices-from-the-frontlines">Voices from the Frontlines&lt;/h2>
&lt;p>&amp;ldquo;We&amp;rsquo;re not just fighting a pipeline – we&amp;rsquo;re fighting for survival,&amp;rdquo; explains Sarah Redfeather (they/them), an indigenous youth organizer. &amp;ldquo;These corporations are perpetuating colonial violence through environmental destruction.&amp;rdquo;&lt;/p></description></item></channel></rss>