<?xml version="1.0" encoding="utf-8" standalone="yes"?><rss version="2.0" xmlns:atom="http://www.w3.org/2005/Atom"><channel><title>Tags on Late News</title><link>/tags/</link><description>Recent content in Tags on Late News</description><generator>Hugo</generator><language>en-US</language><lastBuildDate>Sun, 02 Mar 2025 23:56:28 +0000</lastBuildDate><atom:link href="/tags/index.xml" rel="self" type="application/rss+xml"/><item><title>News</title><link>/tags/news/</link><pubDate>Sun, 02 Mar 2025 23:56:28 +0000</pubDate><guid>/tags/news/</guid><description/></item><item><title>Welcome</title><link>/tags/welcome/</link><pubDate>Sun, 02 Mar 2025 23:56:28 +0000</pubDate><guid>/tags/welcome/</guid><description/></item><item><title>Climate Crisis</title><link>/tags/climate-crisis/</link><pubDate>Thu, 11 Jan 2024 16:00:00 -0500</pubDate><guid>/tags/climate-crisis/</guid><description/></item><item><title>Decolonial Struggle</title><link>/tags/decolonial-struggle/</link><pubDate>Thu, 11 Jan 2024 16:00:00 -0500</pubDate><guid>/tags/decolonial-struggle/</guid><description/></item><item><title>Financial Freedom</title><link>/tags/financial-freedom/</link><pubDate>Thu, 11 Jan 2024 16:00:00 -0500</pubDate><guid>/tags/financial-freedom/</guid><description/></item><item><title>Globalist Agenda</title><link>/tags/globalist-agenda/</link><pubDate>Thu, 11 Jan 2024 16:00:00 -0500</pubDate><guid>/tags/globalist-agenda/</guid><description/></item><item><title>Resistance</title><link>/tags/resistance/</link><pubDate>Thu, 11 Jan 2024 16:00:00 -0500</pubDate><guid>/tags/resistance/</guid><description/></item><item><title>Sovereignty</title><link>/tags/sovereignty/</link><pubDate>Thu, 11 Jan 2024 16:00:00 -0500</pubDate><guid>/tags/sovereignty/</guid><description/></item></channel></rss>